<?xml version="1.0" encoding="utf-8"?>
<!DOCTYPE install PUBLIC "-//Joomla! 2.5//DTD template 1.0//EN" "http://www.joomla.org/xml/dtd/2.5/template-install.dtd">
<extension version="3.0" type="template" client="site">
	<name>Fabian</name>
	<version>1.0</version>
	<creationDate>10/4/2013</creationDate>
	<author>Fabian Manzano</author>
	<authorEmail>manzanofab@hotmail.com</authorEmail>
	<copyright>Copyright (C) 2013 Fabian Manzano Inc. All rights reserved.</copyright>
	<description>Basic Template</description>
	<files>
		<filename>favicon.ico</filename>
		<filename>index.php</filename>
		<filename>templateDetails.xml</filename>
		<filename>template_preview.png</filename>
		<filename>template_thumbnail.png</filename>
		<folder>css</folder>
		<folder>images</folder>
	</files>
	<positions>
		<position>search</position>
		<position>breadcrumbs</position>
		<position>nav</position>
		<position>footer</position>
		<position>right</position>
		<position>extra-1</position>
		<position>extra-2</position>
		<position>extra-3</position>
		<position>extra-4</position>
		<position>extra-5</position>
	</positions>
</extension>
